magicaPotions,count,magic_herbs_1,magic_herbs_2,magic_herbs_3
Зазеленевшее Лунный камень,30,Трава огненного дыхания,Лаванда,Трава ледяного дождя
Переливающееся Лед,12,Лаванда,Трава ледяного дождя,Трава земного камня
Жуткое Зелье,4,Трава ледяного дождя,Трава земного камня,Иван-чай
Зазеленевшее Дождь,40,Трава земного камня,Иван-чай,Трава смелости льва
Мощное Кристалл,8,Иван-чай,Трава смелости льва,Трава вечной тьмы
Пузырящееся Лунный камень,26,Трава смелости льва,Трава вечной тьмы,Трава исцеляющего корня
Пузырящееся Огонь,0,Трава вечной тьмы,Трава исцеляющего корня,Трава иллюзорного цветка
Искристое Дождь,42,Трава исцеляющего корня,Трава иллюзорного цветка,Трава соблазна розы
Зазеленевшее Лунный камень,19,Трава иллюзорного цветка,Трава соблазна розы,Пустырник
Искристое Зелье,15,Трава соблазна розы,Пустырник,Трава магической защиты
Вспенивающееся Зелье,46,Пустырник,Трава магической защиты,Трава воздушного пера
Пузырящееся Кристалл,33,Трава магической защиты,Трава воздушного пера,Трава огненного шара
Искристое Лед,8,Трава воздушного пера,Трава огненного шара,Трава магической защиты от зла
Искристое Огонь,18,Трава огненного шара,Трава магической защиты от зла,Лаванда
Искристое Кристалл,-1,Трава магической защиты от зла,Лаванда,Трава солнечного затмения
Зазеленевшее Лава,16,Лаванда,Трава солнечного затмения,Трава ревности тигра
Переливающееся Тень,22,Трава солнечного затмения,Трава ревности тигра,Трава дружбы льва
Пузырящееся Зелье,29,Трава ревности тигра,Трава дружбы льва,Трава электрического разряда
Летящее Тень,18,Трава дружбы льва,Трава электрического разряда,Трава проклятого цветка
Мощное Дождь,3,Трава электрического разряда,Трава проклятого цветка,Трава магического шторма
Тлеющее Лед,48,Трава проклятого цветка,Трава магического шторма,Настурция
Летящее Лед,47,Трава магического шторма,Настурция,Цикорий
Летящее Эликсир,11,Настурция,Цикорий,Трава смелости льва
Тлеющее Лава,5,Цикорий,Трава смелости льва,Ягоды можжевельника
Зазеленевшее Тень,10,Трава смелости льва,Ягоды можжевельника,Трава лунного затмения
Вспенивающееся Огонь,39,Ягоды можжевельника,Трава лунного затмения,Трава хаоса ворона
Зазеленевшее Тень,27,Трава лунного затмения,Трава хаоса ворона,Трава лунного света
Вспенивающееся Лава,29,Трава хаоса ворона,Трава лунного света,Трава соблазна розы
Искристое Зелье,16,Трава лунного света,Трава соблазна розы,Трава вдохновленной мысли
Искристое Зелье,4,Трава соблазна розы,Трава вдохновленной мысли,Трава трансцендентности души
Зазеленевшее Эликсир,45,Трава вдохновленной мысли,Трава трансцендентности души,Трава мудрости старцев
Вспенивающееся Дождь,2,Трава трансцендентности души,Трава мудрости старцев,Трава покорения льва
Переливающееся Лава,32,Трава мудрости старцев,Трава покорения льва,Таволга
Жуткое Огонь,11,Трава покорения льва,Таволга,Зверобой
Мощное Лед,3,Таволга,Зверобой,Трава ненависти змея
Мощное Лед,10,Зверобой,Трава ненависти змея,Трава пробуждения совы
Искристое Эликсир,3,Трава ненависти змея,Трава пробуждения совы,Трава лунного света
Пузырящееся Эликсир,49,Трава пробуждения совы,Трава лунного света,Бессмертник
Искристое Зелье,5,Трава лунного света,Бессмертник,Трава магической защиты от зла
Искристое Лунный камень,26,Бессмертник,Трава магической защиты от зла,Ежевика
Мощное Тень,1,Трава магической защиты от зла,Ежевика,Трава временных корней
Прозрачное Тень,20,Ежевика,Трава временных корней,Трава электрического разряда
Пузырящееся Кристалл,37,Трава временных корней,Трава электрического разряда,Трава тайной магии
Переливающееся Зелье,0,Трава электрического разряда,Трава тайной магии,Трава вдохновленной мысли
Зазеленевшее Лед,30,Трава тайной магии,Трава вдохновленной мысли,Трава счастливой улыбки
Прозрачное Эликсир,7,Трава вдохновленной мысли,Трава счастливой улыбки,Трава звездного пыла
Вспенивающееся Лед,44,Трава счастливой улыбки,Трава звездного пыла,Бессмертник
Летящее Лед,33,Трава звездного пыла,Бессмертник,Трава волшебного шепота
Зазеленевшее Тень,36,Бессмертник,Трава волшебного шепота,Трава мудрости советника
Искристое Тень,3,Трава волшебного шепота,Трава мудрости советника,Алтей
Искристое Лунный камень,31,Трава мудрости советника,Алтей,Трава проклятого цветка
Летящее Лунный камень,15,Алтей,Трава проклятого цветка,Трава электрического разряда
Пузырящееся Дождь,5,Трава проклятого цветка,Трава электрического разряда,Трава телепортационного листа
Вспенивающееся Лава,11,Трава электрического разряда,Трава телепортационного листа,Трава жизненной энергии
Прозрачное Дождь,22,Трава телепортационного листа,Трава жизненной энергии,Трава счастливой улыбки
Прозрачное Лунный камень,8,Трава жизненной энергии,Трава счастливой улыбки,Орегано
Вспенивающееся Дождь,7,Трава счастливой улыбки,Орегано,Трава удачи четырехлистника
Переливающееся Лунный камень,42,Орегано,Трава удачи четырехлистника,Иван-чай
Мощное Свет,27,Трава удачи четырехлистника,Иван-чай,Иван-чай
Жуткое Свет,35,Иван-чай,Иван-чай,Розмарин
Пузырящееся Лунный камень,-1,Иван-чай,Розмарин,Трава дружеского союза
Пузырящееся Зелье,16,Розмарин,Трава дружеского союза,Цикорий
Вспенивающееся Огонь,-1,Трава дружеского союза,Цикорий,Иван-чай
Зазеленевшее Кристалл,21,Цикорий,Иван-чай,Трава волшебного зеркала
Летящее Свет,48,Иван-чай,Трава волшебного зеркала,Трава хаоса ворона
Жуткое Лава,5,Трава волшебного зеркала,Трава хаоса ворона,Трава видения феникса
Прозрачное Лед,35,Трава хаоса ворона,Трава видения феникса,Трава прозрения орла
Искристое Лунный камень,27,Трава видения феникса,Трава прозрения орла,Ежевика
Пузырящееся Тень,44,Трава прозрения орла,Ежевика,Трава смелости льва
Вспенивающееся Лунный камень,24,Ежевика,Трава смелости льва,Жень-шень
Искристое Лунный камень,5,Трава смелости льва,Жень-шень,Трава благословенной розы
Тлеющее Зелье,6,Жень-шень,Трава благословенной розы,Чабрец
Переливающееся Лава,2,Трава благословенной розы,Чабрец,Трава океанской водоросли
Пузырящееся Кристалл,27,Чабрец,Трава океанской водоросли,Эхинацея
Вспенивающееся Зелье,13,Трава океанской водоросли,Эхинацея,Трава звездного пыла
Вспенивающееся Эликсир,12,Эхинацея,Трава звездного пыла,Трава душевного равновесия
Пузырящееся Лава,34,Трава звездного пыла,Трава душевного равновесия,Трава соблазна розы
Пузырящееся Лунный камень,29,Трава душевного равновесия,Трава соблазна розы,Трава прозрения орла
Мощное Кристалл,4,Трава соблазна розы,Трава прозрения орла,Укроп
Зазеленевшее Дождь,49,Трава прозрения орла,Укроп,Душица
Мощное Огонь,26,Укроп,Душица,Трава волшебного цветка
Тлеющее Зелье,21,Душица,Трава волшебного цветка,Эхинацея
Жуткое Свет,8,Трава волшебного цветка,Эхинацея,Трава мистической силы
Прозрачное Лава,49,Эхинацея,Трава мистической силы,Трава океанской водоросли
Прозрачное Зелье,3,Трава мистической силы,Трава океанской водоросли,Трава стихийного разума
Зазеленевшее Дождь,38,Трава океанской водоросли,Трава стихийного разума,Трава страха волка
Вспенивающееся Лунный камень,3,Трава стихийного разума,Трава страха волка,Трава хаоса ворона
Переливающееся Тень,28,Трава страха волка,Трава хаоса ворона,Розмарин
Зазеленевшее Дождь,7,Трава хаоса ворона,Розмарин,Трава стихийного разума
Переливающееся Свет,28,Розмарин,Трава стихийного разума,Мелисса
Тлеющее Зелье,37,Трава стихийного разума,Мелисса,Бессмертник
Переливающееся Тень,12,Мелисса,Бессмертник,Трава приворотного цветка
Пузырящееся Тень,2,Бессмертник,Трава приворотного цветка,Трава стихийного разума
Тлеющее Свет,22,Трава приворотного цветка,Трава стихийного разума,Трава океанской водоросли
Переливающееся Лава,13,Трава стихийного разума,Трава океанской водоросли,Трава покорения льва
Прозрачное Свет,17,Трава океанской водоросли,Трава покорения льва,Трава водной стихии
Тлеющее Эликсир,14,Трава покорения льва,Трава водной стихии,Трава душевного покоя
Пузырящееся Лунный камень,47,Трава водной стихии,Трава душевного покоя,Трава замороженного цветка
Прозрачное Дождь,31,Трава душевного покоя,Трава замороженного цветка,Трава мудрости старцев
Мощное Эликсир,5,Трава замороженного цветка,Трава мудрости старцев,Трава сокровищ дракона
Пузырящееся Лава,22,Трава мудрости старцев,Трава сокровищ дракона,Трава огненного дыхания
Пузырящееся Тень,20,Трава сокровищ дракона,Трава огненного дыхания,Трава иллюзорного цветка
Искристое Лава,11,Трава огненного дыхания,Трава иллюзорного цветка,Трава звездного света
Вспенивающееся Дождь,6,Трава иллюзорного цветка,Трава звездного света,Трава хаоса ворона
Жуткое Лед,23,Трава звездного света,Трава хаоса ворона,Трава лунного сияния
Переливающееся Кристалл,26,Трава хаоса ворона,Трава лунного сияния,Жень-шень
Искристое Дождь,42,Трава лунного сияния,Жень-шень,Иван-чай
Летящее Свет,34,Жень-шень,Иван-чай,Трава телепортационного листа
Мощное Дождь,31,Иван-чай,Трава телепортационного листа,Трава тайной магии
Тлеющее Зелье,5,Трава телепортационного листа,Трава тайной магии,Трава соблазна розы
Летящее Зелье,27,Трава тайной магии,Трава соблазна розы,Трава забытых знаний
Переливающееся Лед,18,Трава соблазна розы,Трава забытых знаний,Трава лунного сияния
Тлеющее Лед,42,Трава забытых знаний,Трава лунного сияния,Трава потерянных надежд
Прозрачное Тень,29,Трава лунного сияния,Трава потерянных надежд,Трава злобы ворона
Переливающееся Кристалл,4,Трава потерянных надежд,Трава злобы ворона,Календула
Пузырящееся Эликсир,30,Трава злобы ворона,Календула,Трава сокрытия камуфляжа
Летящее Лава,19,Календула,Трава сокрытия камуфляжа,Трава стихийного контроля
Летящее Лава,17,Трава сокрытия камуфляжа,Трава стихийного контроля,Трава иллюзорного цветка
Прозрачное Эликсир,9,Трава стихийного контроля,Трава иллюзорного цветка,Бессмертник
Мощное Свет,35,Трава иллюзорного цветка,Бессмертник,Трава забвения птицы
Зазеленевшее Дождь,9,Бессмертник,Трава забвения птицы,Трава лунного сияния
Искристое Лед,24,Трава забвения птицы,Трава лунного сияния,Трава удачи четырехлистника
Летящее Кристалл,46,Трава лунного сияния,Трава удачи четырехлистника,Трава дружеского союза
Вспенивающееся Тень,4,Трава удачи четырехлистника,Трава дружеского союза,Трава водной стихии
Переливающееся Лунный камень,29,Трава дружеского союза,Трава водной стихии,Трава ненависти змея
Искристое Дождь,22,Трава водной стихии,Трава ненависти змея,Трава счастливой улыбки
Тлеющее Зелье,36,Трава ненависти змея,Трава счастливой улыбки,Трава мудрости старцев
Искристое Лед,10,Трава счастливой улыбки,Трава мудрости старцев,Трава непробиваемой оболочки
Прозрачное Огонь,19,Трава мудрости старцев,Трава непробиваемой оболочки,Ежевика
Пузырящееся Лунный камень,3,Трава непробиваемой оболочки,Ежевика,Трава воздушного пера
Жуткое Кристалл,37,Ежевика,Трава воздушного пера,Календула
Летящее Свет,9,Трава воздушного пера,Календула,Трава земной силы
Зазеленевшее Свет,21,Календула,Трава земной силы,Трава мудрости старцев
Прозрачное Тень,47,Трава земной силы,Трава мудрости старцев,Трава воздушного пера
Летящее Огонь,25,Трава мудрости старцев,Трава воздушного пера,Трава злобы ворона
Искристое Лава,45,Трава воздушного пера,Трава злобы ворона,Трава силы дракона
Прозрачное Дождь,48,Трава злобы ворона,Трава силы дракона,Трава забвения птицы
Мощное Свет,13,Трава силы дракона,Трава забвения птицы,Розмарин
Жуткое Огонь,49,Трава забвения птицы,Розмарин,Трава проклятого цветка
Жуткое Эликсир,-1,Розмарин,Трава проклятого цветка,Трава пробуждения совы
Вспенивающееся Свет,40,Трава проклятого цветка,Трава пробуждения совы,Трава злобы ворона
Мощное Лед,21,Трава пробуждения совы,Трава злобы ворона,Цикорий
Тлеющее Свет,11,Трава злобы ворона,Цикорий,Трава стихийного контроля
Искристое Лунный камень,19,Цикорий,Трава стихийного контроля,Трава сокрытия камуфляжа
Жуткое Огонь,23,Трава стихийного контроля,Трава сокрытия камуфляжа,Пустырник
Прозрачное Эликсир,30,Трава сокрытия камуфляжа,Пустырник,Трава мудрости советника
Летящее Зелье,26,Пустырник,Трава мудрости советника,Яровое солододревы
Летящее Тень,44,Трава мудрости советника,Яровое солододревы,Трава лунного затмения
Вспенивающееся Лава,19,Яровое солододревы,Трава лунного затмения,Хвощ
Мощное Лунный камень,19,Трава лунного затмения,Хвощ,Трава сокрытия камуфляжа
Пузырящееся Лед,13,Хвощ,Трава сокрытия камуфляжа,Трава прозрения будущего
Мощное Свет,18,Трава сокрытия камуфляжа,Трава прозрения будущего,Лаванда
Искристое Огонь,39,Трава прозрения будущего,Лаванда,Укроп
Вспенивающееся Свет,0,Лаванда,Укроп,Трава мудрости старцев
Летящее Свет,27,Укроп,Трава мудрости старцев,Трава тайного знака
Переливающееся Эликсир,37,Трава мудрости старцев,Трава тайного знака,Трава смелости льва
Мощное Дождь,2,Трава тайного знака,Трава смелости льва,Салвия
Тлеющее Лава,12,Трава смелости льва,Салвия,Трава непробиваемой оболочки
Пузырящееся Свет,8,Салвия,Трава непробиваемой оболочки,Трава хаоса ворона
Переливающееся Кристалл,42,Трава непробиваемой оболочки,Трава хаоса ворона,Укроп
Зазеленевшее Зелье,16,Трава хаоса ворона,Укроп,Трава вдохновения музы
Прозрачное Эликсир,7,Укроп,Трава вдохновения музы,Трава временных корней
Зазеленевшее Лава,31,Трава вдохновения музы,Трава временных корней,Трава земного камня
Пузырящееся Огонь,1,Трава временных корней,Трава земного камня,Трава земного камня
Прозрачное Тень,33,Трава земного камня,Трава земного камня,Лаванда
Летящее Лава,46,Трава земного камня,Лаванда,Трава звездного пыла
Зазеленевшее Зелье,0,Лаванда,Трава звездного пыла,Жень-шень
Пузырящееся Огонь,24,Трава звездного пыла,Жень-шень,Трава разрушительного змея
Тлеющее Зелье,16,Жень-шень,Трава разрушительного змея,Трава прозрения будущего
Летящее Эликсир,27,Трава разрушительного змея,Трава прозрения будущего,Трава душевного равновесия
Переливающееся Эликсир,21,Трава прозрения будущего,Трава душевного равновесия,Трава разрушительного змея
Зазеленевшее Эликсир,32,Трава душевного равновесия,Трава разрушительного змея,Трава приворотного цветка
Пузырящееся Кристалл,31,Трава разрушительного змея,Трава приворотного цветка,Трава сокровищ дракона
Летящее Зелье,17,Трава приворотного цветка,Трава сокровищ дракона,Трава истинной веры
Тлеющее Лава,16,Трава сокровищ дракона,Трава истинной веры,Трава силы дракона
Жуткое Тень,6,Трава истинной веры,Трава силы дракона,Трава истинной веры
Вспенивающееся Дождь,36,Трава силы дракона,Трава истинной веры,Трава временных корней
Искристое Свет,48,Трава истинной веры,Трава временных корней,Трава теневого призрака
Зазеленевшее Кристалл,24,Трава временных корней,Трава теневого призрака,Трава огненного шара
Вспенивающееся Тень,25,Трава теневого призрака,Трава огненного шара,Трава смелости льва
Зазеленевшее Лава,16,Трава огненного шара,Трава смелости льва,Трава воздушного пера
Жуткое Свет,16,Трава смелости льва,Трава воздушного пера,Трава дружбы льва
Искристое Лед,48,Трава воздушного пера,Трава дружбы льва,Трава вдохновения музы
Переливающееся Огонь,3,Трава дружбы льва,Трава вдохновения музы,Трава непробиваемой оболочки
Мощное Огонь,34,Трава вдохновения музы,Трава непробиваемой оболочки,Трава тайной магии
Тлеющее Дождь,33,Трава непробиваемой оболочки,Трава тайной магии,Трава волшебного зеркала
Переливающееся Дождь,13,Трава тайной магии,Трава волшебного зеркала,Трава волшебного дерева
Вспенивающееся Эликсир,7,Трава волшебного зеркала,Трава волшебного дерева,Хвощ
Мощное Зелье,22,Трава волшебного дерева,Хвощ,Трава магической защиты
Пузырящееся Огонь,10,Хвощ,Трава магической защиты,Трава земного камня
Переливающееся Лед,17,Трава магической защиты,Трава земного камня,Трава воздушного пера
Летящее Лунный камень,46,Трава земного камня,Трава воздушного пера,Трава волшебного цветка
Жуткое Зелье,25,Трава воздушного пера,Трава волшебного цветка,Фиалка
Жуткое Дождь,21,Трава волшебного цветка,Фиалка,Трава душевного покоя
Вспенивающееся Лунный камень,20,Фиалка,Трава душевного покоя,Трава океанской водоросли
Жуткое Лава,23,Трава душевного покоя,Трава океанской водоросли,Трава видения феникса
Жуткое Кристалл,43,Трава океанской водоросли,Трава видения феникса,Трава волшебного дерева
Летящее Дождь,21,Трава видения феникса,Трава волшебного дерева,Настурция
Мощное Лед,19,Трава волшебного дерева,Настурция,Трава лунного сияния
Жуткое Эликсир,33,Настурция,Трава лунного сияния,Трава энергии жизни
Прозрачное Огонь,27,Трава лунного сияния,Трава энергии жизни,Календула
Вспенивающееся Лава,38,Трава энергии жизни,Календула,Трава нежной любви
Мощное Кристалл,16,Календула,Трава нежной любви,Яровое солододревы
Тлеющее Лава,42,Трава нежной любви,Яровое солододревы,Трава лунного света
Летящее Лед,3,Яровое солододревы,Трава лунного света,Трава счастливой улыбки
Искристое Лед,18,Трава лунного света,Трава счастливой улыбки,Трава теневого призрака
Летящее Кристалл,19,Трава счастливой улыбки,Трава теневого призрака,Трава электрического разряда
Вспенивающееся Кристалл,32,Трава теневого призрака,Трава электрического разряда,Трава душевного покоя
Вспенивающееся Тень,38,Трава электрического разряда,Трава душевного покоя,Трава вечной тьмы
Пузырящееся Дождь,24,Трава душевного покоя,Трава вечной тьмы,Трава океанской водоросли
Прозрачное Лед,40,Трава вечной тьмы,Трава океанской водоросли,Эхинацея
Пузырящееся Зелье,5,Трава океанской водоросли,Эхинацея,Трава счастливой улыбки
Мощное Лунный камень,37,Эхинацея,Трава счастливой улыбки,Трава телепортационного листа
Искристое Эликсир,29,Трава счастливой улыбки,Трава телепортационного листа,Трава лунного затмения
Мощное Свет,32,Трава телепортационного листа,Трава лунного затмения,Таволга
Зазеленевшее Лава,32,Трава лунного затмения,Таволга,Трава душевного равновесия
Жуткое Дождь,44,Таволга,Трава душевного равновесия,Трава ледяного дождя
Зазеленевшее Лед,43,Трава душевного равновесия,Трава ледяного дождя,Трава водной стихии
Прозрачное Дождь,8,Трава ледяного дождя,Трава водной стихии,Хвощ
Пузырящееся Эликсир,11,Трава водной стихии,Хвощ,Трава лунного затмения
Летящее Огонь,48,Хвощ,Трава лунного затмения,Ягоды шиповника
Вспенивающееся Свет,19,Трава лунного затмения,Ягоды шиповника,Трава звуковой волны
Жуткое Зелье,45,Ягоды шиповника,Трава звуковой волны,Трава воздушного пера
Пузырящееся Кристалл,28,Трава звуковой волны,Трава воздушного пера,Пустырник
Пузырящееся Лед,28,Трава воздушного пера,Пустырник,Чабрец
Пузырящееся Эликсир,44,Пустырник,Чабрец,Трава трансцендентности души
Прозрачное Кристалл,5,Чабрец,Трава трансцендентности души,Трава хаоса ворона
Мощное Кристалл,24,Трава трансцендентности души,Трава хаоса ворона,Трава огненного шара
Пузырящееся Дождь,41,Трава хаоса ворона,Трава огненного шара,Трава земной силы
Пузырящееся Свет,22,Трава огненного шара,Трава земной силы,Трава забытых знаний
Зазеленевшее Лед,21,Трава земной силы,Трава забытых знаний,Трава душевного покоя
Зазеленевшее Кристалл,17,Трава забытых знаний,Трава душевного покоя,Салвия
Искристое Тень,22,Трава душевного покоя,Салвия,Трава океанской водоросли
Переливающееся Зелье,32,Салвия,Трава океанской водоросли,Иван-чай
Летящее Зелье,21,Трава океанской водоросли,Иван-чай,Трава покорения льва
Жуткое Свет,-1,Иван-чай,Трава покорения льва,Трава водной стихии
Тлеющее Лунный камень,10,Трава покорения льва,Трава водной стихии,Трава злобы ворона
Мощное Огонь,17,Трава водной стихии,Трава злобы ворона,Зверобой
Вспенивающееся Дождь,10,Трава злобы ворона,Зверобой,Трава временных корней
Летящее Огонь,14,Зверобой,Трава временных корней,Трава благословенной розы
Искристое Огонь,9,Трава временных корней,Трава благословенной розы,Календула
Пузырящееся Огонь,4,Трава благословенной розы,Календула,Трава мудрости советника
Мощное Эликсир,20,Календула,Трава мудрости советника,Трава страха волка
Мощное Кристалл,26,Трава мудрости советника,Трава страха волка,Трава жизненной энергии
Искристое Эликсир,11,Трава страха волка,Трава жизненной энергии,Цикорий
Искристое Кристалл,17,Трава жизненной энергии,Цикорий,Трава исцеляющего корня
Вспенивающееся Лава,40,Цикорий,Трава исцеляющего корня,Трава лунного затмения
Мощное Эликсир,-1,Трава исцеляющего корня,Трава лунного затмения,Трава удачи четырехлистника
Прозрачное Зелье,25,Трава лунного затмения,Трава удачи четырехлистника,Трава магического шторма
Летящее Зелье,35,Трава удачи четырехлистника,Трава магического шторма,Трава благословенной розы
Мощное Лава,11,Трава магического шторма,Трава благословенной розы,Трава солнечного затмения
Прозрачное Лед,30,Трава благословенной розы,Трава солнечного затмения,Трава удачи четырехлистника
Тлеющее Огонь,42,Трава солнечного затмения,Трава удачи четырехлистника,Трава трансформирующего корня
Прозрачное Лунный камень,37,Трава удачи четырехлистника,Трава трансформирующего корня,Трава временных корней
Прозрачное Кристалл,44,Трава трансформирующего корня,Трава временных корней,Трава смелости льва
Летящее Эликсир,23,Трава временных корней,Трава смелости льва,Трава злобы ворона
Летящее Огонь,41,Трава смелости льва,Трава злобы ворона,Чабрец
Пузырящееся Лед,40,Трава злобы ворона,Чабрец,Трава солнечного луча
Переливающееся Зелье,40,Чабрец,Трава солнечного луча,Трава мудрости советника
Прозрачное Лунный камень,23,Трава солнечного луча,Трава мудрости советника,Трава звездного пыла
Вспенивающееся Эликсир,1,Трава мудрости советника,Трава звездного пыла,Трава магической защиты
Зазеленевшее Дождь,29,Трава звездного пыла,Трава магической защиты,Трава вдохновения музы
Мощное Тень,44,Трава магической защиты,Трава вдохновения музы,Трава исцеляющего корня
Жуткое Дождь,21,Трава вдохновения музы,Трава исцеляющего корня,Трава жизненной энергии
Прозрачное Огонь,25,Трава исцеляющего корня,Трава жизненной энергии,Душица
Тлеющее Зелье,23,Трава жизненной энергии,Душица,Трава силы дракона
Мощное Огонь,34,Душица,Трава силы дракона,Трава покоя ума
Тлеющее Дождь,11,Трава силы дракона,Трава покоя ума,Гинкго
Вспенивающееся Дождь,29,Трава покоя ума,Гинкго,Эхинацея
Переливающееся Огонь,31,Гинкго,Эхинацея,Трава непробиваемой оболочки
Переливающееся Дождь,46,Эхинацея,Трава непробиваемой оболочки,Трава потерянных надежд
Тлеющее Лед,9,Трава непробиваемой оболочки,Трава потерянных надежд,Трава любви розы
Прозрачное Лунный камень,38,Трава потерянных надежд,Трава любви розы,Трава лунного затмения
Переливающееся Свет,14,Трава любви розы,Трава лунного затмения,Трава непробиваемой оболочки
Тлеющее Кристалл,6,Трава лунного затмения,Трава непробиваемой оболочки,Трава дружбы льва
Вспенивающееся Тень,13,Трава непробиваемой оболочки,Трава дружбы льва,Хвощ
Пузырящееся Огонь,16,Трава дружбы льва,Хвощ,Трава иллюзорного цветка
Прозрачное Огонь,29,Хвощ,Трава иллюзорного цветка,Трава звуковой волны
Переливающееся Зелье,41,Трава иллюзорного цветка,Трава звуковой волны,Трава электрического разряда
Тлеющее Лава,23,Трава звуковой волны,Трава электрического разряда,Трава ревности тигра
Вспенивающееся Зелье,37,Трава электрического разряда,Трава ревности тигра,Трава счастливой улыбки
Жуткое Лунный камень,1,Трава ревности тигра,Трава счастливой улыбки,Трава водной стихии
Зазеленевшее Дождь,19,Трава счастливой улыбки,Трава водной стихии,Трава земной силы
Тлеющее Лед,30,Трава водной стихии,Трава земной силы,Трава энергии жизни
Пузырящееся Тень,24,Трава земной силы,Трава энергии жизни,Розмарин
Жуткое Лунный камень,27,Трава энергии жизни,Розмарин,Трава ненависти змея
Вспенивающееся Свет,32,Розмарин,Трава ненависти змея,Трава соблазна розы
Вспенивающееся Свет,3,Трава ненависти змея,Трава соблазна розы,Ягоды шиповника
Искристое Кристалл,15,Трава соблазна розы,Ягоды шиповника,Трава теневого призрака
Прозрачное Эликсир,32,Ягоды шиповника,Трава теневого призрака,Алтей
Тлеющее Тень,32,Трава теневого призрака,Алтей,Эхинацея
Искристое Эликсир,10,Алтей,Эхинацея,Чабрец
Тлеющее Лед,40,Эхинацея,Чабрец,Трава дружбы льва
Тлеющее Эликсир,17,Чабрец,Трава дружбы льва,Трава глубокого сна единорога
Тлеющее Эликсир,5,Трава дружбы льва,Трава глубокого сна единорога,Трава земной силы
Летящее Тень,28,Трава глубокого сна единорога,Трава земной силы,Хвощ
Прозрачное Эликсир,12,Трава земной силы,Хвощ,Иван-чай
Искристое Дождь,41,Хвощ,Иван-чай,Трава иллюзорного цветка
Летящее Зелье,25,Иван-чай,Трава иллюзорного цветка,Трава видения феникса
Тлеющее Лед,15,Трава иллюзорного цветка,Трава видения феникса,Трава забытых знаний
Жуткое Эликсир,33,Трава видения феникса,Трава забытых знаний,Трава злобы ворона
Тлеющее Огонь,21,Трава забытых знаний,Трава злобы ворона,Валериана
Прозрачное Лава,22,Трава злобы ворона,Валериана,Салвия
Искристое Эликсир,46,Валериана,Салвия,Трава волшебного зеркала
Искристое Лава,34,Салвия,Трава волшебного зеркала,Трава страха волка
Искристое Лунный камень,0,Трава волшебного зеркала,Трава страха волка,Трава волшебного шепота
Тлеющее Лунный камень,31,Трава страха волка,Трава волшебного шепота,Трава волшебного цветка
Зазеленевшее Дождь,5,Трава волшебного шепота,Трава волшебного цветка,Трава волшебного шепота
Пузырящееся Свет,45,Трава волшебного цветка,Трава волшебного шепота,Трава земной силы
Летящее Эликсир,24,Трава волшебного шепота,Трава земной силы,Алтей
Прозрачное Свет,22,Трава земной силы,Алтей,Трава трансцендентности души
Летящее Кристалл,25,Алтей,Трава трансцендентности души,Трава иллюзорного цветка
Тлеющее Дождь,42,Трава трансцендентности души,Трава иллюзорного цветка,Трава трансформирующего корня
Искристое Лунный камень,33,Трава иллюзорного цветка,Трава трансформирующего корня,Трава любви розы
Зазеленевшее Лед,28,Трава трансформирующего корня,Трава любви розы,Трава непробиваемой оболочки
Тлеющее Лед,49,Трава любви розы,Трава непробиваемой оболочки,Трава непробиваемой оболочки
Тлеющее Свет,45,Трава непробиваемой оболочки,Трава непробиваемой оболочки,Эхинацея
Прозрачное Зелье,48,Трава непробиваемой оболочки,Эхинацея,Лаванда
Переливающееся Зелье,18,Эхинацея,Лаванда,Трава замороженного цветка
Переливающееся Дождь,13,Лаванда,Трава замороженного цветка,Трава вечной тьмы
Искристое Огонь,31,Трава замороженного цветка,Трава вечной тьмы,Трава временных корней
Вспенивающееся Лунный камень,43,Трава вечной тьмы,Трава временных корней,Трава истинной веры
Летящее Кристалл,-1,Трава временных корней,Трава истинной веры,Мелисса
Жуткое Свет,7,Трава истинной веры,Мелисса,Трава земной силы
Вспенивающееся Дождь,9,Мелисса,Трава земной силы,Трава вдохновения музы
Зазеленевшее Лед,13,Трава земной силы,Трава вдохновения музы,Трава ревности тигра
Прозрачное Тень,0,Трава вдохновения музы,Трава ревности тигра,Трава ненависти змея
Пузырящееся Эликсир,45,Трава ревности тигра,Трава ненависти змея,Трава хаоса ворона
Жуткое Свет,41,Трава ненависти змея,Трава хаоса ворона,Трава прозрения будущего
Жуткое Лава,7,Трава хаоса ворона,Трава прозрения будущего,Трава сокровищ дракона
Тлеющее Лед,31,Трава прозрения будущего,Трава сокровищ дракона,Хвощ
Прозрачное Дождь,26,Трава сокровищ дракона,Хвощ,Настурция
Искристое Кристалл,22,Хвощ,Настурция,Иван-чай
Переливающееся Свет,42,Настурция,Иван-чай,Трава непробиваемой оболочки
Переливающееся Свет,14,Иван-чай,Трава непробиваемой оболочки,Трава звездного пыла
Искристое Свет,42,Трава непробиваемой оболочки,Трава звездного пыла,Трава волшебного цветка
Жуткое Тень,29,Трава звездного пыла,Трава волшебного цветка,Трава тайной магии
Тлеющее Свет,22,Трава волшебного цветка,Трава тайной магии,Трава смелости льва
Прозрачное Лава,48,Трава тайной магии,Трава смелости льва,Трава дружеского союза
Зазеленевшее Кристалл,14,Трава смелости льва,Трава дружеского союза,Трава ревности тигра
Летящее Свет,44,Трава дружеского союза,Трава ревности тигра,Трава солнечного затмения
Мощное Лава,30,Трава ревности тигра,Трава солнечного затмения,Трава силы дракона
Тлеющее Эликсир,32,Трава солнечного затмения,Трава силы дракона,Трава волшебного сна
Вспенивающееся Тень,43,Трава силы дракона,Трава волшебного сна,Трава хаоса ворона
Переливающееся Зелье,32,Трава волшебного сна,Трава хаоса ворона,Трава вдохновения музы
Зазеленевшее Дождь,21,Трава хаоса ворона,Трава вдохновения музы,Шалфей
Зазеленевшее Лунный камень,41,Трава вдохновения музы,Шалфей,Календула
Переливающееся Лава,23,Шалфей,Календула,Трава океанской водоросли
Зазеленевшее Тень,5,Календула,Трава океанской водоросли,Трава воздушного пера
Пузырящееся Тень,37,Трава океанской водоросли,Трава воздушного пера,Цикорий
Зазеленевшее Кристалл,40,Трава воздушного пера,Цикорий,Трава покоя ума
Зазеленевшее Лед,41,Цикорий,Трава покоя ума,Трава жизненной энергии
Искристое Тень,34,Трава покоя ума,Трава жизненной энергии,Трава душевного покоя
Зазеленевшее Дождь,46,Трава жизненной энергии,Трава душевного покоя,Трава лунного света
Жуткое Кристалл,45,Трава душевного покоя,Трава лунного света,Трава воздушного пера
Мощное Лед,35,Трава лунного света,Трава воздушного пера,Трава приворотного цветка
Тлеющее Огонь,35,Трава воздушного пера,Трава приворотного цветка,Трава удачи четырехлистника
Прозрачное Дождь,1,Трава приворотного цветка,Трава удачи четырехлистника,Трава замороженного цветка
Летящее Дождь,9,Трава удачи четырехлистника,Трава замороженного цветка,Трава магической защиты от зла
Зазеленевшее Свет,22,Трава замороженного цветка,Трава магической защиты от зла,Трава страха волка
Тлеющее Свет,27,Трава магической защиты от зла,Трава страха волка,Трава исцеляющего корня
Мощное Эликсир,39,Трава страха волка,Трава исцеляющего корня,Трава проклятого цветка
Мощное Зелье,49,Трава исцеляющего корня,Трава проклятого цветка,Трава удачи четырехлистника
Переливающееся Зелье,2,Трава проклятого цветка,Трава удачи четырехлистника,Трава лунного света
Жуткое Огонь,30,Трава удачи четырехлистника,Трава лунного света,Трава звездного пыла
Жуткое Зелье,14,Трава лунного света,Трава звездного пыла,Трава временных корней
Переливающееся Лава,33,Трава звездного пыла,Трава временных корней,Фиалка
Мощное Лунный камень,3,Трава временных корней,Фиалка,Трава солнечного луча
Искристое Лед,8,Фиалка,Трава солнечного луча,Трава огненного шара
Зазеленевшее Свет,2,Трава солнечного луча,Трава огненного шара,Трава замороженного цветка
Летящее Тень,21,Трава огненного шара,Трава замороженного цветка,Трава мудрости советника
Вспенивающееся Лед,30,Трава замороженного цветка,Трава мудрости советника,Трава огненной розы
Вспенивающееся Эликсир,5,Трава мудрости советника,Трава огненной розы,Иван-чай
Пузырящееся Лава,30,Трава огненной розы,Иван-чай,Трава забытых знаний
Вспенивающееся Лед,35,Иван-чай,Трава забытых знаний,Трава телепортационного листа
Прозрачное Свет,42,Трава забытых знаний,Трава телепортационного листа,Фиалка
Зазеленевшее Лава,29,Трава телепортационного листа,Фиалка,Эхинацея
Искристое Зелье,10,Фиалка,Эхинацея,Трава светлой доброты
Мощное Зелье,26,Эхинацея,Трава светлой доброты,Трава стихийного разума
Переливающееся Тень,15,Трава светлой доброты,Трава стихийного разума,Ежевика
Зазеленевшее Тень,34,Трава стихийного разума,Ежевика,Трава звездного пыла
Вспенивающееся Кристалл,26,Ежевика,Трава звездного пыла,Трава волшебного шепота
Искристое Тень,30,Трава звездного пыла,Трава волшебного шепота,Трава звуковой волны
Мощное Огонь,12,Трава волшебного шепота,Трава звуковой волны,Трава видения феникса
Летящее Лунный камень,11,Трава звуковой волны,Трава видения феникса,Трава волшебного шепота
Жуткое Лунный камень,-1,Трава видения феникса,Трава волшебного шепота,Трава земного камня
Летящее Эликсир,28,Трава волшебного шепота,Трава земного камня,Трава вдохновленной мысли
Летящее Лунный камень,30,Трава земного камня,Трава вдохновленной мысли,Трава электрического разряда
Вспенивающееся Дождь,23,Трава вдохновленной мысли,Трава электрического разряда,Трава любви розы
Искристое Свет,25,Трава электрического разряда,Трава любви розы,Трава сокровищ дракона
Мощное Дождь,15,Трава любви розы,Трава сокровищ дракона,Трава водной стихии
Искристое Лава,39,Трава сокровищ дракона,Трава водной стихии,Трава стихийного разума
Летящее Эликсир,35,Трава водной стихии,Трава стихийного разума,Трава звездного пыла
Вспенивающееся Дождь,45,Трава стихийного разума,Трава звездного пыла,Трава покорения льва
Тлеющее Свет,12,Трава звездного пыла,Трава покорения льва,Трава океанской водоросли
Прозрачное Кристалл,48,Трава покорения льва,Трава океанской водоросли,Хвощ
Зазеленевшее Эликсир,25,Трава океанской водоросли,Хвощ,Орегано
Зазеленевшее Дождь,11,Хвощ,Орегано,Трава удачи четырехлистника
Вспенивающееся Дождь,44,Орегано,Трава удачи четырехлистника,Ежевика
Пузырящееся Свет,36,Трава удачи четырехлистника,Ежевика,Трава душевного покоя
Искристое Зелье,25,Ежевика,Трава душевного покоя,Трава хаоса ворона
Искристое Лава,11,Трава душевного покоя,Трава хаоса ворона,Пустырник
Прозрачное Дождь,27,Трава хаоса ворона,Пустырник,Душица
Зазеленевшее Зелье,22,Пустырник,Душица,Трава мистической силы
Зазеленевшее Свет,43,Душица,Трава мистической силы,Трава силы дракона
Жуткое Дождь,-1,Трава мистической силы,Трава силы дракона,Шалфей
Прозрачное Зелье,43,Трава силы дракона,Шалфей,Трава вечной тьмы
Пузырящееся Дождь,29,Шалфей,Трава вечной тьмы,Хвощ
Пузырящееся Дождь,44,Трава вечной тьмы,Хвощ,Трава стихийного разума
Вспенивающееся Свет,15,Хвощ,Трава стихийного разума,Трава страха волка
Жуткое Кристалл,30,Трава стихийного разума,Трава страха волка,Укроп
Мощное Огонь,49,Трава страха волка,Укроп,Трава дружбы льва
Тлеющее Эликсир,28,Укроп,Трава дружбы льва,Трава страха волка
Переливающееся Лед,3,Трава дружбы льва,Трава страха волка,Трава земной силы
Тлеющее Огонь,10,Трава страха волка,Трава земной силы,Розмарин
Летящее Кристалл,21,Трава земной силы,Розмарин,Трава трансцендентности души
Летящее Лава,47,Розмарин,Трава трансцендентности души,Трава потерянных надежд
Искристое Тень,16,Трава трансцендентности души,Трава потерянных надежд,Трава злобы ворона
Мощное Лунный камень,37,Трава потерянных надежд,Трава злобы ворона,Трава хаоса ворона
Прозрачное Кристалл,16,Трава злобы ворона,Трава хаоса ворона,Трава магической защиты
Мощное Эликсир,26,Трава хаоса ворона,Трава магической защиты,Трава забвения птицы
Прозрачное Лед,47,Трава магической защиты,Трава забвения птицы,Трава соблазна розы
Летящее Зелье,4,Трава забвения птицы,Трава соблазна розы,Трава магического шторма
Вспенивающееся Лава,36,Трава соблазна розы,Трава магического шторма,Трава хаоса ворона
Вспенивающееся Лед,9,Трава магического шторма,Трава хаоса ворона,Трава мудрости советника
Вспенивающееся Лава,29,Трава хаоса ворона,Трава мудрости советника,Настурция
Искристое Огонь,47,Трава мудрости советника,Настурция,Трава иллюзорного цветка
Искристое Лава,47,Настурция,Трава иллюзорного цветка,Трава замороженного цветка
Тлеющее Лед,41,Трава иллюзорного цветка,Трава замороженного цветка,Ежевика
Зазеленевшее Кристалл,4,Трава замороженного цветка,Ежевика,Трава звездного пыла
Прозрачное Дождь,21,Ежевика,Трава звездного пыла,Пустырник
Тлеющее Лава,48,Трава звездного пыла,Пустырник,Фиалка
Переливающееся Эликсир,47,Пустырник,Фиалка,Трава светлой доброты
Искристое Лава,4,Фиалка,Трава светлой доброты,Трава жизненной энергии
Жуткое Лед,25,Трава светлой доброты,Трава жизненной энергии,Трава лунного затмения
Переливающееся Лунный камень,33,Трава жизненной энергии,Трава лунного затмения,Гинкго
Переливающееся Лава,9,Трава лунного затмения,Гинкго,Трава магической защиты
Переливающееся Тень,45,Гинкго,Трава магической защиты,Орегано
Искристое Огонь,7,Трава магической защиты,Орегано,Трава пробуждения совы
Переливающееся Тень,20,Орегано,Трава пробуждения совы,Зверобой
Летящее Лунный камень,10,Трава пробуждения совы,Зверобой,Гинкго
Переливающееся Лунный камень,41,Зверобой,Гинкго,Трава звездного пыла
Вспенивающееся Тень,37,Гинкго,Трава звездного пыла,Трава воздушного вихря
Мощное Лунный камень,15,Трава звездного пыла,Трава воздушного вихря,Трава волшебного зеркала
Мощное Дождь,-1,Трава воздушного вихря,Трава волшебного зеркала,Трава страха волка
Пузырящееся Тень,4,Трава волшебного зеркала,Трава страха волка,Трава ревности тигра
Переливающееся Лунный камень,47,Трава страха волка,Трава ревности тигра,Гинкго
Жуткое Тень,31,Трава ревности тигра,Гинкго,Трава смелости льва
Летящее Дождь,21,Гинкго,Трава смелости льва,Жень-шень
Пузырящееся Огонь,-1,Трава смелости льва,Жень-шень,Трава забытых знаний
Летящее Лунный камень,12,Жень-шень,Трава забытых знаний,Чабрец
Летящее Дождь,11,Трава забытых знаний,Чабрец,Душица
Мощное Свет,5,Чабрец,Душица,Орегано
Летящее Тень,6,Душица,Орегано,Трава злобы ворона
Жуткое Свет,22,Орегано,Трава злобы ворона,Трава ненависти змея
Летящее Лунный камень,49,Трава злобы ворона,Трава ненависти змея,Трава трансцендентности души
Зазеленевшее Зелье,23,Трава ненависти змея,Трава трансцендентности души,Трава ревности тигра
Летящее Огонь,22,Трава трансцендентности души,Трава ревности тигра,Трава горячей страсти
Зазеленевшее Огонь,43,Трава ревности тигра,Трава горячей страсти,Алтей
Пузырящееся Лава,42,Трава горячей страсти,Алтей,Ежевика
Искристое Огонь,17,Алтей,Ежевика,Трава видения феникса
Тлеющее Лава,30,Ежевика,Трава видения феникса,Трава огненного дыхания
Зазеленевшее Кристалл,35,Трава видения феникса,Трава огненного дыхания,Трава мудрости старцев
Летящее Эликсир,23,Трава огненного дыхания,Трава мудрости старцев,Трава иллюзорного цветка
Вспенивающееся Кристалл,33,Трава мудрости старцев,Трава иллюзорного цветка,Трава исцеляющего корня
Искристое Кристалл,39,Трава иллюзорного цветка,Трава исцеляющего корня,Трава забытых знаний
Переливающееся Лава,13,Трава исцеляющего корня,Трава забытых знаний,Трава злобы ворона
Переливающееся Дождь,42,Трава забытых знаний,Трава злобы ворона,Трава ненависти змея
Жуткое Зелье,26,Трава злобы ворона,Трава ненависти змея,Фиалка
Искристое Лунный камень,36,Трава ненависти змея,Фиалка,Трава стихийного разума
Зазеленевшее Огонь,33,Фиалка,Трава стихийного разума,Трава умения ворона
Переливающееся Эликсир,45,Трава стихийного разума,Трава умения ворона,Орегано
Вспенивающееся Тень,7,Трава умения ворона,Орегано,Зверобой
Тлеющее Дождь,40,Орегано,Зверобой,Трава звездного света
Летящее Дождь,41,Зверобой,Трава звездного света,Трава дружбы льва
Летящее Тень,7,Трава звездного света,Трава дружбы льва,Трава электрического разряда
Жуткое Лава,9,Трава дружбы льва,Трава электрического разряда,Трава солнечного затмения
Жуткое Зелье,19,Трава электрического разряда,Трава солнечного затмения,Розмарин
Прозрачное Дождь,49,Трава солнечного затмения,Розмарин,Шалфей
Тлеющее Лава,0,Розмарин,Шалфей,Орегано
Вспенивающееся Лед,2,Шалфей,Орегано,Трава земного камня
Переливающееся Лед,12,Орегано,Трава земного камня,Трава сокрытия камуфляжа
Прозрачное Дождь,28,Трава земного камня,Трава сокрытия камуфляжа,Трава тайной магии
Мощное Зелье,5,Трава сокрытия камуфляжа,Трава тайной магии,Трава забытых знаний
Прозрачное Лед,47,Трава тайной магии,Трава забытых знаний,Трава смелости льва
Вспенивающееся Лед,16,Трава забытых знаний,Трава смелости льва,Жень-шень
Переливающееся Дождь,38,Трава смелости льва,Жень-шень,Трава видения феникса
Искристое Кристалл,24,Жень-шень,Трава видения феникса,Трава покорения льва
Переливающееся Эликсир,12,Трава видения феникса,Трава покорения льва,Трава временных корней
Тлеющее Лава,39,Трава покорения льва,Трава временных корней,Трава приворотного цветка
Переливающееся Тень,16,Трава временных корней,Трава приворотного цветка,Алтей
Жуткое Лед,25,Трава приворотного цветка,Алтей,Трава любви розы
Летящее Огонь,13,Алтей,Трава любви розы,Трава злобы ворона
Искристое Лава,39,Трава любви розы,Трава злобы ворона,Трава энергии жизни
Мощное Зелье,19,Трава злобы ворона,Трава энергии жизни,Лаванда
Вспенивающееся Тень,35,Трава энергии жизни,Лаванда,Настурция
Летящее Зелье,29,Лаванда,Настурция,Трава мудрости советника
Жуткое Тень,33,Настурция,Трава мудрости советника,Трава дружеского союза
Искристое Дождь,12,Трава мудрости советника,Трава дружеского союза,Трава волшебного зеркала
Тлеющее Дождь,48,Трава дружеского союза,Трава волшебного зеркала,Трава гармонии бабочки
